 Full Name , Phone , Email , Age , Experience , Yearly Income , Has children , License states , Expiration date , License number 
 Greg Cho , +1890919 , chasdo.cho , 13 , 45 , -2000 , wer , as , 02/14/2004 , 1x567 
 Max Terer , 18900991919 , chO.eil@gmail.com , 52 , 22 , 2500.11 , TRUE , Alabama | Alaska , 12-12-2030 , 1xr567 
 Ted Terer , 189080991919 , cho.eil@gmail.com , 52 , 22 , 2500.11 , TRUE , Alabama | Alaska , 12-12-2030 , 4dfg43 
 Pero Teller , 8124991919 , cho.emsdfmail.com , 41 , 16 , 1400.155 , FALSE , Am , 02/14/2024 , 1xr567 
 Amanda Ferrero , +18124991919 , co.email@gmail.com , 44 , 10 , 1800.1 ,  , Al , 12-12-2030 , 1xr567 
 Kate Terer , 189080991919 , cho.eil@gmail.com , 52 , 22 , 2500.11 , TRUE , Alabama | Alaska , 12-12-2030 , 8es54z 
 Alex Teller , 8124991919 , cho.emil@gmail.com , 41 , 16 , 1400.155 , FALSE , Al , 12-12-2010 , 1xr567 
 Amanda Pfifer , +18124991919 , co.emasdfail.com , 44 , 10 , 1800.1 ,  , Al , 02/14/2024 , 5er5d1 
 Max Gonsales , 189080991919 , cho.eilsdf , 52 , 22 , 2500.11 , TRUE , Alabama | Alaska | Florida , 12-12-2030 , 1xr5672 
 Bob McCall , 8124991919 , cho.emil@gmail.com , 41 , 16 , 1400.155 , FALSE , Al , 12-12-2010 , 1xr567 
 Amanda Dist , +18124991919 , co.email@gmail.com , 44 , 24 , 1800.1 ,  , Al , 12-12-2030 , 1xr567 
 Max Armon , 189083451919 , cho.eil@gmail.com , 52 , 22 , -50 , true , Alabama | Alaska , 12-12-2030 , 1xr567 
 Bob Valur , 8124991919 , cho.emil@gmail.com , 41 , 16 , 1400.155 , FALSE , Al , 12-12-2010 , 1xr567 
 Katerine Guts , +18124345919 , co.email@gmail.com , 44 , 10 , 1800.1 ,  , Al , 02/14/2020 , 1xr567 
 Pablo Winles , 18908345919 , cho.eil@gmail.com , 52 , 22 , 2500.11 , TRUE , Alabama | Alaska , 12-12-2030 , 1xr567 
 Molli Rodrigo , 8124991919 , cho.emil@gmail.com , 41 , 16 , 1400.155 , FALSE , Al , 12-12-2010 , 1xr567 
 Stan Pol , +18124451919 , co.email@gmail.com , 44 , 10 , 1800.1 ,  , Al , 12-12-2030 , 1xr567 
 Max Terer , 189080991919 , cho.eil@gmail.com , 52 , 22 , 2500.11 , TRUE , Alabama | Alaska , 12-12-2030 , 1xr567 
 Bob Teller , 8124991919 , cho.emil@gmail.com , 41 , 16 , 1400.155 , FALSE , Al , 12-12-2010 , 1xr567 
 Amanda Ferrero , +18124991919 , co.email@gmail.com , 44 , 10 , 1800.1 ,  , Al , 12-12-2030 , 1xr567 
 Max Terer , 189080943919 , cho.eil@gmail.com , 52 , 22 , 2500.11 , TRUE , Alabama | Alaska , 12-12-2030 , 1xr567 
 Bob Teller , 8124991919 , cho.emil@gmail.com , 41 , 16 , 1400.155 , FALSE , AL , 2024-02-14 , 1xr567 
 Amanda Ferrero , +18124991919 , co.email@gmail.com , 44 , 10 , 1800.1 ,  , Al , 2024-02-14 , 1xr567 
 Alex Cho , +189043359 , chasdo.cho , 13 , 45 , 1200.11 , wer , Alabama | AL , 2024-02-14 , 1x567 